pdb_id,mutation,chain
4BLM,S265C,A
4BLM,S126C,A
451C,V78I,A
451C,E43Y,A
2Q98,H180A,A
2Q98,H173A,A
2Q98,H138A,A
2Q98,H97A,A
2Q98,H59A,A
2Q98,H46A,A
2Q98,H30A,A
2Q98,H27A,A
2CRK,D122A,A
2ADA,W272F,A
2ADA,W117F,A
1THQ,F55A,A
1THQ,W51A,A
1DPM,H257L,A
1BNL,D76A,A
2ADA,W161F,A
1ONC,F36Y,A
1ONC,F28T,A
1ONC,F28A,A
1ONC,M23L,A
1MJC,T68W,A
1MJC,F31S,A
1MJC,F31L,A
1MJC,F20S,A
1MJC,F18S,A
1MJC,F18L,A
1IMQ,T27G,A
3D2A,M137P,A
3D2A,M134E,A
2Q98,H195A,A
1WIT,Y73F,A
1MJC,S52W,A
1MJC,Y42W,A
1MJC,F20L,A
1IMQ,V68I,A
1IMQ,E41V,A
1IMQ,V37L,A
1IMQ,E31L,A
1IMQ,V19L,A
3D2A,S163P,A
2HIP,Y12F,A
1ZYM,H189E,A
1ZYM,H189A,A
1RBP,R121Q,A
1RBP,W105F,A
1RBP,W91H,A
1RBP,W24Y,A
1RBP,W24L,A
1RBP,W24F,A
1JNX,V1833M,X
1JNX,M1775R,X
1JNX,R1699W,X
1XAS,W274H,A
1XAS,W274F,A
1XAS,W274A,A
1XAS,W266H,A
1XAS,W266F,A
1XAS,W266A,A
1XAS,Y172S,A
1XAS,Y172F,A
1XAS,Y172A,A
1XAS,W85H,A
1XAS,W85F,A
1XAS,W85A,A
1C8C,F32Y,A
1C8C,I30V,A
1C8C,W24A,A
1C52,M69H,A
1C52,M69A,A
1AZP,V30I,A
1AZP,W24A,A
1PIN,T29S,A
1PIN,R21A,A
1PIN,L7I,A
1PIN,K6A,A
451C,E70V,A
451C,E70Q,A
1AZP,L58A,A
1AZP,D56G,A
1AZP,L55A,A
1AZP,A50G,A
1AZP,S46A,A
1AZP,V45A,A
1AZP,A44G,A
1AZP,R42A,A
1AZP,T40A,A
1AZP,D35A,A
1AZP,F32A,A
1AZP,S31A,A
1AZP,V30A,A
1AZP,R25A,A
1AZP,V23A,A
1AZP,S18A,A
1AZP,T17A,A
1AZP,V15A,A
1AZP,E12A,A
1AZP,K7A,A
1AZP,V4A,A
1THQ,Q160A,A
1THQ,Q139A,A
1THQ,T137A,A
1THQ,S130A,A
1THQ,T108A,A
1THQ,R94A,A
1THQ,E90A,A
1THQ,M72A,A
1THQ,S58A,A
1THQ,D24N,A
1THQ,Y153A,A
1THQ,Y23A,A
1THQ,W17A,A
1THQ,M157A,A
1THQ,L105A,A
1THQ,Y87F,A
1THQ,A85G,A
1QJP,F170A,A
1QJP,F123A,A
1QJP,F51A,A
1QJP,Y168A,A
1QJP,Y141A,A
1QJP,Y129A,A
1QJP,Y55A,A
1QJP,Y43A,A
1QJP,W143A,A
1QJP,W57A,A
1QJP,W15A,A
1QJP,W7A,A
2CRK,D122N,A
1PIN,S38G,A
1PIN,S38A,A
1PIN,R36A,A
1PIN,E35A,A
1PIN,W34F,A
1PIN,W34A,A
1PIN,Q33A,A
1PIN,S32G,A
1PIN,S32A,A
1PIN,A31G,A
1PIN,N30G,A
1PIN,N30A,A
1PIN,T29D,A
1PIN,T29G,A
1PIN,T29A,A
1PIN,I28G,A
1PIN,I28A,A
1PIN,H27G,A
1PIN,H27A,A
1PIN,N26D,A
1PIN,F25Y,A
1PIN,F25L,A
1PIN,F25A,A
1PIN,Y24W,A
1PIN,Y24F,A
1PIN,Y23F,A
1PIN,Y23L,A
1PIN,Y23A,A
1PIN,V22A,A
1PIN,R21G,A
1PIN,G20A,A
1PIN,S19G,A
1PIN,S19A,A
1PIN,S18G,A
1PIN,S18A,A
1PIN,R17G,A
1PIN,R17A,A
1PIN,S16G,A
1PIN,S16A,A
1PIN,M15A,A
1PIN,R14A,A
1PIN,K13A,A
1PIN,E12A,A
1PIN,W11F,A
1PIN,G10A,A
1PIN,P9G,A
1PIN,P9A,A
1PIN,P8G,A
1PIN,P8A,A
1PIN,L7N,A
1PIN,L7V,A
1PIN,L7A,A
451C,F34Y,A
1IRO,I33L,A
1IRO,V24I,A
1BOY,R200W,A
2BRD,L62A,A
2BRD,L61A,A
2BRD,M60A,A
2BRD,S59A,A
2BRD,L58A,A
2BRD,Y57A,A
2BRD,M56A,A
2BRD,T55A,A
2BRD,F54A,A
2BRD,I52A,A
2BRD,P50A,A
2BRD,V49A,A
2BRD,L48A,A
2BRD,T47A,A
2BRD,T46A,A
2BRD,I45A,A
2BRD,Y43A,A
2BRD,F42A,A
2BRD,K41A,A
2BRD,K40A,A
2BRD,D38A,A
2BRD,P37A,A
2BRD,D36A,A
2BRD,S35A,A
1IMQ,V34L,A
1IMQ,A25G,A
1IMQ,V71I,A
2ZTA,K28A,A
2ZTA,K27A,A
2ZTA,R25A,A
2ZTA,E22Q,A
2ZTA,E20Q,A
2ZTA,K15A,A
2ZTA,E11Q,A
2ZTA,K8A,A
2ADA,W264F,A
1IR3,W1175F,A
451C,W77F,A
451C,W56F,A
451C,Q37R,A
451C,V13M,A
451C,F7A,A
1C5G,E350P,A
1C5G,E350R,A
1TPK,V65S,A
1TPK,V65M,A
1TPK,V65A,A
1TPK,V65L,A
1TPK,V65T,A
1TPK,V65I,A
1SUP,N76D,A
1SUP,Q206C,A
1SUP,Y217K,A
1SUP,M50F,A
1SUP,G169A,A
1SUP,N218S,A
1EL1,A93S,A
1EL1,I56L,A
1EL1,H21G,A
1EL1,V109K,A
1FEP,L244C,A
1FEP,S246C,A
1FEP,E248C,A
1FEP,E250C,A
1FEP,G252C,A
1FEP,S254C,A
1FEP,Q256C,A
1FC1,K409A,A
1FC1,Y407A,A
1FC1,F405A,A
1FC1,D399A,A
1FC1,L398A,A
1FC1,V397A,A
1FC1,P395A,A
1FC1,T394A,A
1FC1,K392A,A
1FC1,K370A,A
1FC1,L368A,A
1FC1,T366A,A
1FC1,L351A,A
1FC1,T350A,A
1FC1,Y349A,A
1FC1,Q347A,A
1CYC,K73W,A
1CYC,K73F,A
1CYC,K73Y,A
1CYC,K73M,A
3D2A,N174T,A
3D2A,Y161N,A
1ISP,I157M,A
3D2A,G155S,A
3D2A,M134D,A
3D2A,M134R,A
1ISP,A132D,A
1ISP,L114P,A
3D2A,G80S,A
3D2A,T109V,A
3D2A,T47S,A
3D2A,R33P,A
3D2A,F17T,A
3D2A,A15S,A
