experiment_id,uniprot_id,pdb_id,uniref50_id,mutation,chain,DDG_gt
VB05575,P00808,4BLM,UniRef50_P00808,S265C,A,2.4
VB05574,P00808,4BLM,UniRef50_P00808,S126C,A,2.7
VB05573,P00099,451C,UniRef50_P00101,V78I,A,-0.9
VB05572,P00099,451C,UniRef50_P00101,E43Y,A,-0.7
VB05571,P01236,2Q98,UniRef50_P01239,H180A,A,0.7
VB05570,P01236,2Q98,UniRef50_P01239,H173A,A,-0.1
VB05569,P01236,2Q98,UniRef50_P01239,H138A,A,-1.3
VB05568,P01236,2Q98,UniRef50_P01239,H97A,A,-0.7
VB05567,P01236,2Q98,UniRef50_P01239,H59A,A,1.1
VB05566,P01236,2Q98,UniRef50_P01239,H46A,A,0.8
VB05565,P01236,2Q98,UniRef50_P01239,H30A,A,-2.6
VB05564,P01236,2Q98,UniRef50_P01239,H27A,A,-0.7
VB05563,P00563,2CRK,UniRef50_P05122-2,D122A,A,2.0
VB05562,P03958,2ADA,UniRef50_P03958,W272F,A,-4.7
VB05561,P03958,2ADA,UniRef50_P03958,W117F,A,-4.7
VB05535,P37001,1THQ,UniRef50_P37001,F55A,A,1.1
VB05534,P37001,1THQ,UniRef50_P37001,W51A,A,0.5
VB05531,P0A434,1DPM,UniRef50_P0A434,H257L,A,3.3
VB05523,P39060,1BNL,UniRef50_P39060,D76A,A,3.9
VB05503,P03958,2ADA,UniRef50_P03958,W161F,A,-7.3
VB05460,P22069,1ONC,UniRef50_P22069,F36Y,A,4.7
VB05459,P22069,1ONC,UniRef50_P22069,F28T,A,5.3
VB05458,P22069,1ONC,UniRef50_P22069,F28A,A,5.0
VB05457,P22069,1ONC,UniRef50_P22069,M23L,A,2.8
VB05452,P0A9X9,1MJC,UniRef50_P0A9Y1,T68W,A,-0.7
VB05451,P0A9X9,1MJC,UniRef50_P0A9Y1,F31S,A,1.0
VB05450,P0A9X9,1MJC,UniRef50_P0A9Y1,F31L,A,0.7
VB05449,P0A9X9,1MJC,UniRef50_P0A9Y1,F20S,A,1.2
VB05448,P0A9X9,1MJC,UniRef50_P0A9Y1,F18S,A,1.5
VB05447,P0A9X9,1MJC,UniRef50_P0A9Y1,F18L,A,1.0
VB05444,P13479,1IMQ,UniRef50_P13479,T27G,A,1.4
VB05339,P37957,3D2A,UniRef50_P37957,M137P,A,-0.8
VB05338,P37957,3D2A,UniRef50_P37957,M134E,A,-0.6
VB05325,P01236,2Q98,UniRef50_P01239,H195A,A,0.0
VB05285,Q23551,1WIT,UniRef50_Q23551,Y73F,A,-1.8
VB04782,P0A9X9,1MJC,UniRef50_P0A9Y1,S52W,A,0.2
VB04781,P0A9X9,1MJC,UniRef50_P0A9Y1,Y42W,A,-0.1
VB04777,P0A9X9,1MJC,UniRef50_P0A9Y1,F20L,A,0.3
VB04746,P13479,1IMQ,UniRef50_P13479,V68I,A,0.7
VB04745,P13479,1IMQ,UniRef50_P13479,E41V,A,-0.8
VB04744,P13479,1IMQ,UniRef50_P13479,V37L,A,0.2
VB04743,P13479,1IMQ,UniRef50_P13479,E31L,A,0.6
VB04741,P13479,1IMQ,UniRef50_P13479,V19L,A,1.5
VB04586,P37957,3D2A,UniRef50_P37957,S163P,A,2.1
VB04545,P04168,2HIP,UniRef50_P04168,Y12F,A,2.3
VB04537,P08839,1ZYM,UniRef50_P08839,H189E,A,1.3
VB04536,P08839,1ZYM,UniRef50_P08839,H189A,A,0.9
VB04471,P02753,1RBP,UniRef50_P02753,R121Q,A,2.6
VB04470,P02753,1RBP,UniRef50_P02753,W105F,A,0.4
VB04469,P02753,1RBP,UniRef50_P02753,W91H,A,0.1
VB04468,P02753,1RBP,UniRef50_P02753,W24Y,A,2.2
VB04467,P02753,1RBP,UniRef50_P02753,W24L,A,2.6
VB04466,P02753,1RBP,UniRef50_P02753,W24F,A,2.5
VB04097,P38398,1JNX,UniRef50_P38398,V1833M,X,1.7
VB04096,P38398,1JNX,UniRef50_P38398,M1775R,X,4.2
VB04095,P38398,1JNX,UniRef50_P38398,R1699W,X,3.4
VB04030,P26514,1XAS,UniRef50_P26514,W274H,A,-0.1
VB04029,P26514,1XAS,UniRef50_P26514,W274F,A,-0.4
VB04028,P26514,1XAS,UniRef50_P26514,W274A,A,-2.3
VB04027,P26514,1XAS,UniRef50_P26514,W266H,A,4.0
VB04026,P26514,1XAS,UniRef50_P26514,W266F,A,1.8
VB04025,P26514,1XAS,UniRef50_P26514,W266A,A,2.6
VB04024,P26514,1XAS,UniRef50_P26514,Y172S,A,-0.9
VB04023,P26514,1XAS,UniRef50_P26514,Y172F,A,0.5
VB04022,P26514,1XAS,UniRef50_P26514,Y172A,A,2.8
VB04021,P26514,1XAS,UniRef50_P26514,W85H,A,0.5
VB04020,P26514,1XAS,UniRef50_P26514,W85F,A,2.2
VB04019,P26514,1XAS,UniRef50_P26514,W85A,A,-1.1
VB04010,P39476,1C8C,UniRef50_P39476,F32Y,A,2.1
VB04009,P39476,1C8C,UniRef50_P39476,I30V,A,0.7
VB04008,P39476,1C8C,UniRef50_P39476,W24A,A,0.8
VB04007,P04164,1C52,UniRef50_Q5SME3,M69H,A,0.7
VB04006,P04164,1C52,UniRef50_Q5SME3,M69A,A,-5.0
VB03994,P13123,1AZP,UniRef50_P13123,V30I,A,-0.5
VB03993,P13123,1AZP,UniRef50_P13123,W24A,A,2.0
VB03781,Q13526,1PIN,UniRef50_Q13526,T29S,A,0.7
VB03780,Q13526,1PIN,UniRef50_Q13526,R21A,A,0.7
VB03779,Q13526,1PIN,UniRef50_Q13526,L7I,A,0.8
VB03778,Q13526,1PIN,UniRef50_Q13526,K6A,A,-0.1
VB03694,P00099,451C,UniRef50_P00101,E70V,A,1.1
VB03693,P00099,451C,UniRef50_P00101,E70Q,A,-0.3
VB00335,P13123,1AZP,UniRef50_P13123,L58A,A,0.7
VB00334,P13123,1AZP,UniRef50_P13123,D56G,A,0.7
VB00333,P13123,1AZP,UniRef50_P13123,L55A,A,1.4
VB00331,P13123,1AZP,UniRef50_P13123,A50G,A,2.1
VB00330,P13123,1AZP,UniRef50_P13123,S46A,A,-0.2
VB00329,P13123,1AZP,UniRef50_P13123,V45A,A,1.6
VB00328,P13123,1AZP,UniRef50_P13123,A44G,A,1.3
VB00327,P13123,1AZP,UniRef50_P13123,R42A,A,0.6
VB00326,P13123,1AZP,UniRef50_P13123,T40A,A,0.8
VB00325,P13123,1AZP,UniRef50_P13123,D35A,A,0.5
VB00324,P13123,1AZP,UniRef50_P13123,F32A,A,2.7
VB00323,P13123,1AZP,UniRef50_P13123,S31A,A,-0.7
VB00322,P13123,1AZP,UniRef50_P13123,V30A,A,2.6
VB00321,P13123,1AZP,UniRef50_P13123,R25A,A,0.4
VB00320,P13123,1AZP,UniRef50_P13123,V23A,A,0.2
VB00319,P13123,1AZP,UniRef50_P13123,S18A,A,0.1
VB00318,P13123,1AZP,UniRef50_P13123,T17A,A,1.5
VB00317,P13123,1AZP,UniRef50_P13123,V15A,A,2.3
VB00316,P13123,1AZP,UniRef50_P13123,E12A,A,0.3
VB00315,P13123,1AZP,UniRef50_P13123,K7A,A,0.3
VB00314,P13123,1AZP,UniRef50_P13123,V4A,A,2.1
PT025488,P37001,1THQ,UniRef50_P37001,Q160A,A,-0.18
PT025487,P37001,1THQ,UniRef50_P37001,Q139A,A,0.97
PT025486,P37001,1THQ,UniRef50_P37001,T137A,A,0.51
PT025485,P37001,1THQ,UniRef50_P37001,S130A,A,1.27
PT025484,P37001,1THQ,UniRef50_P37001,T108A,A,0.4
PT025483,P37001,1THQ,UniRef50_P37001,R94A,A,1.53
PT025482,P37001,1THQ,UniRef50_P37001,E90A,A,0.66
PT025481,P37001,1THQ,UniRef50_P37001,M72A,A,0.34
PT025480,P37001,1THQ,UniRef50_P37001,S58A,A,1.26
PT025479,P37001,1THQ,UniRef50_P37001,D24N,A,0.6
PT025478,P37001,1THQ,UniRef50_P37001,Y153A,A,0.55
PT025476,P37001,1THQ,UniRef50_P37001,Y23A,A,0.91
PT025475,P37001,1THQ,UniRef50_P37001,W17A,A,0.98
PT025474,P37001,1THQ,UniRef50_P37001,M157A,A,0.77
PT025473,P37001,1THQ,UniRef50_P37001,L105A,A,0.76
PT025472,P37001,1THQ,UniRef50_P37001,Y87F,A,1.37
PT025471,P37001,1THQ,UniRef50_P37001,A85G,A,0.87
PT025461,P0A910,1QJP,UniRef50_A0A2S4N3N0,F170A,A,2.4
PT025460,P0A910,1QJP,UniRef50_A0A2S4N3N0,F123A,A,2.1
PT025459,P0A910,1QJP,UniRef50_A0A2S4N3N0,F51A,A,1.2
PT025458,P0A910,1QJP,UniRef50_A0A2S4N3N0,Y168A,A,0.2
PT025457,P0A910,1QJP,UniRef50_A0A2S4N3N0,Y141A,A,3.3
PT025456,P0A910,1QJP,UniRef50_A0A2S4N3N0,Y129A,A,2.7
PT025455,P0A910,1QJP,UniRef50_A0A2S4N3N0,Y55A,A,2.5
PT025454,P0A910,1QJP,UniRef50_A0A2S4N3N0,Y43A,A,3.8
PT025453,P0A910,1QJP,UniRef50_A0A2S4N3N0,W143A,A,3.1
PT025452,P0A910,1QJP,UniRef50_A0A2S4N3N0,W57A,A,2.0
PT025451,P0A910,1QJP,UniRef50_A0A2S4N3N0,W15A,A,2.0
PT025450,P0A910,1QJP,UniRef50_A0A2S4N3N0,W7A,A,3.6
PT025292,P00563,2CRK,UniRef50_P05122-2,D122N,A,1.19
PT025214,Q13526,1PIN,UniRef50_Q13526,S38G,A,0.08
PT025213,Q13526,1PIN,UniRef50_Q13526,S38A,A,-0.05
PT025212,Q13526,1PIN,UniRef50_Q13526,R36A,A,0.29
PT025211,Q13526,1PIN,UniRef50_Q13526,E35A,A,0.73
PT025210,Q13526,1PIN,UniRef50_Q13526,W34F,A,0.1
PT025209,Q13526,1PIN,UniRef50_Q13526,W34A,A,0.4
PT025208,Q13526,1PIN,UniRef50_Q13526,Q33A,A,0.57
PT025207,Q13526,1PIN,UniRef50_Q13526,S32G,A,0.81
PT025206,Q13526,1PIN,UniRef50_Q13526,S32A,A,0.26
PT025205,Q13526,1PIN,UniRef50_Q13526,A31G,A,1.49
PT025204,Q13526,1PIN,UniRef50_Q13526,N30G,A,-0.53
PT025203,Q13526,1PIN,UniRef50_Q13526,N30A,A,0.47
PT025202,Q13526,1PIN,UniRef50_Q13526,T29D,A,1.33
PT025200,Q13526,1PIN,UniRef50_Q13526,T29G,A,1.99
PT025199,Q13526,1PIN,UniRef50_Q13526,T29A,A,1.25
PT025198,Q13526,1PIN,UniRef50_Q13526,I28G,A,0.48
PT025197,Q13526,1PIN,UniRef50_Q13526,I28A,A,0.36
PT025196,Q13526,1PIN,UniRef50_Q13526,H27G,A,0.68
PT025195,Q13526,1PIN,UniRef50_Q13526,H27A,A,0.12
PT025194,Q13526,1PIN,UniRef50_Q13526,N26D,A,1.88
PT025193,Q13526,1PIN,UniRef50_Q13526,F25Y,A,-0.22
PT025192,Q13526,1PIN,UniRef50_Q13526,F25L,A,1.37
PT025191,Q13526,1PIN,UniRef50_Q13526,F25A,A,2.14
PT025190,Q13526,1PIN,UniRef50_Q13526,Y24W,A,0.56
PT025189,Q13526,1PIN,UniRef50_Q13526,Y24F,A,0.66
PT025188,Q13526,1PIN,UniRef50_Q13526,Y23F,A,0.52
PT025187,Q13526,1PIN,UniRef50_Q13526,Y23L,A,1.18
PT025186,Q13526,1PIN,UniRef50_Q13526,Y23A,A,1.08
PT025185,Q13526,1PIN,UniRef50_Q13526,V22A,A,0.26
PT025184,Q13526,1PIN,UniRef50_Q13526,R21G,A,0.67
PT025182,Q13526,1PIN,UniRef50_Q13526,G20A,A,0.86
PT025181,Q13526,1PIN,UniRef50_Q13526,S19G,A,-0.01
PT025180,Q13526,1PIN,UniRef50_Q13526,S19A,A,0.14
PT025179,Q13526,1PIN,UniRef50_Q13526,S18G,A,-0.02
PT025178,Q13526,1PIN,UniRef50_Q13526,S18A,A,-0.03
PT025177,Q13526,1PIN,UniRef50_Q13526,R17G,A,0.22
PT025176,Q13526,1PIN,UniRef50_Q13526,R17A,A,0.0
PT025175,Q13526,1PIN,UniRef50_Q13526,S16G,A,0.92
PT025174,Q13526,1PIN,UniRef50_Q13526,S16A,A,0.44
PT025173,Q13526,1PIN,UniRef50_Q13526,M15A,A,0.59
PT025172,Q13526,1PIN,UniRef50_Q13526,R14A,A,1.63
PT025171,Q13526,1PIN,UniRef50_Q13526,K13A,A,0.02
PT025170,Q13526,1PIN,UniRef50_Q13526,E12A,A,0.48
PT025169,Q13526,1PIN,UniRef50_Q13526,W11F,A,1.93
PT025168,Q13526,1PIN,UniRef50_Q13526,G10A,A,0.85
PT025167,Q13526,1PIN,UniRef50_Q13526,P9G,A,0.49
PT025166,Q13526,1PIN,UniRef50_Q13526,P9A,A,0.19
PT025165,Q13526,1PIN,UniRef50_Q13526,P8G,A,0.92
PT025164,Q13526,1PIN,UniRef50_Q13526,P8A,A,0.97
PT025163,Q13526,1PIN,UniRef50_Q13526,L7N,A,0.9
PT025162,Q13526,1PIN,UniRef50_Q13526,L7V,A,1.26
PT025160,Q13526,1PIN,UniRef50_Q13526,L7A,A,1.72
PT024932,P00099,451C,UniRef50_P00101,F34Y,A,-0.28
PT022382,P00268,1IRO,UniRef50_P51683,I33L,A,-0.76
PT022381,P00268,1IRO,UniRef50_P51683,V24I,A,-0.36
PT019170,P13726,1BOY,UniRef50_P13726,R200W,A,-0.6
PT017337,P02945,2BRD,UniRef50_P02945,L62A,A,-0.5
PT017336,P02945,2BRD,UniRef50_P02945,L61A,A,-0.7
PT017335,P02945,2BRD,UniRef50_P02945,M60A,A,0.8
PT017334,P02945,2BRD,UniRef50_P02945,S59A,A,-0.1
PT017333,P02945,2BRD,UniRef50_P02945,L58A,A,-0.3
PT017332,P02945,2BRD,UniRef50_P02945,Y57A,A,3.7
PT017331,P02945,2BRD,UniRef50_P02945,M56A,A,-1.4
PT017330,P02945,2BRD,UniRef50_P02945,T55A,A,0.1
PT017329,P02945,2BRD,UniRef50_P02945,F54A,A,1.0
PT017328,P02945,2BRD,UniRef50_P02945,I52A,A,1.4
PT017327,P02945,2BRD,UniRef50_P02945,P50A,A,-0.1
PT017326,P02945,2BRD,UniRef50_P02945,V49A,A,-0.7
PT017325,P02945,2BRD,UniRef50_P02945,L48A,A,0.1
PT017324,P02945,2BRD,UniRef50_P02945,T47A,A,1.0
PT017323,P02945,2BRD,UniRef50_P02945,T46A,A,2.2
PT017322,P02945,2BRD,UniRef50_P02945,I45A,A,1.9
PT017321,P02945,2BRD,UniRef50_P02945,Y43A,A,1.3
PT017320,P02945,2BRD,UniRef50_P02945,F42A,A,1.6
PT017319,P02945,2BRD,UniRef50_P02945,K41A,A,1.6
PT017318,P02945,2BRD,UniRef50_P02945,K40A,A,0.3
PT017317,P02945,2BRD,UniRef50_P02945,D38A,A,0.5
PT017316,P02945,2BRD,UniRef50_P02945,P37A,A,0.2
PT017315,P02945,2BRD,UniRef50_P02945,D36A,A,0.9
PT017314,P02945,2BRD,UniRef50_P02945,S35A,A,0.3
PT017244,P13479,1IMQ,UniRef50_P13479,V34L,A,-0.33
PT017240,P13479,1IMQ,UniRef50_P13479,A25G,A,0.14
PT017238,P13479,1IMQ,UniRef50_P13479,V71I,A,-0.07
PT017023,P03069,2ZTA,UniRef50_P03069,K28A,A,0.06
PT017022,P03069,2ZTA,UniRef50_P03069,K27A,A,0.91
PT017021,P03069,2ZTA,UniRef50_P03069,R25A,A,1.66
PT017020,P03069,2ZTA,UniRef50_P03069,E22Q,A,1.83
PT017019,P03069,2ZTA,UniRef50_P03069,E20Q,A,-0.2
PT017018,P03069,2ZTA,UniRef50_P03069,K15A,A,0.41
PT017017,P03069,2ZTA,UniRef50_P03069,E11Q,A,0.74
PT017016,P03069,2ZTA,UniRef50_P03069,K8A,A,0.39
PT016858,P03958,2ADA,UniRef50_P03958,W264F,A,-8.64
PT016306,P06213,1IR3,UniRef50_P06213,W1175F,A,-0.6
PT015970,P00099,451C,UniRef50_P00101,W77F,A,1.2
PT015969,P00099,451C,UniRef50_P00101,W56F,A,1.9
PT014316,P00099,451C,UniRef50_P00101,Q37R,A,-0.5
PT014313,P00099,451C,UniRef50_P00101,V13M,A,-0.4
PT014312,P00099,451C,UniRef50_P00101,F7A,A,-1.1
PT014263,P05121,1C5G,UniRef50_P05121,E350P,A,-0.3
PT014262,P05121,1C5G,UniRef50_P05121,E350R,A,0.3
PT014252,P00750,1TPK,UniRef50_P00750,V65S,A,2.4
PT014251,P00750,1TPK,UniRef50_P00750,V65M,A,2.2
PT014250,P00750,1TPK,UniRef50_P00750,V65A,A,2.0
PT014249,P00750,1TPK,UniRef50_P00750,V65L,A,1.9
PT014248,P00750,1TPK,UniRef50_P00750,V65T,A,1.0
PT014247,P00750,1TPK,UniRef50_P00750,V65I,A,-0.3
PT014032,P00782,1SUP,UniRef50_P00782,N76D,A,-0.45
PT014031,P00782,1SUP,UniRef50_P00782,Q206C,A,-1.25
PT014030,P00782,1SUP,UniRef50_P00782,Y217K,A,-0.72
PT014029,P00782,1SUP,UniRef50_P00782,M50F,A,-0.48
PT014028,P00782,1SUP,UniRef50_P00782,G169A,A,-0.3
PT014027,P00782,1SUP,UniRef50_P00782,N218S,A,-1.07
PT012761,P81708,1EL1,UniRef50_P11376,A93S,A,0.26
PT012760,P81708,1EL1,UniRef50_P11376,I56L,A,0.24
PT012759,P81708,1EL1,UniRef50_P11376,H21G,A,0.48
PT012758,P81708,1EL1,UniRef50_P11376,V109K,A,0.43
PT009149,P05825,1FEP,UniRef50_P05825,L244C,A,-6.88
PT009148,P05825,1FEP,UniRef50_P05825,S246C,A,-7.77
PT009147,P05825,1FEP,UniRef50_P05825,E248C,A,-6.83
PT009146,P05825,1FEP,UniRef50_P05825,E250C,A,-9.79
PT009145,P05825,1FEP,UniRef50_P05825,G252C,A,-7.93
PT009144,P05825,1FEP,UniRef50_P05825,S254C,A,-5.94
PT009143,P05825,1FEP,UniRef50_P05825,Q256C,A,-2.28
PT003644,P01857,1FC1,UniRef50_P01857,K409A,A,2.4
PT003643,P01857,1FC1,UniRef50_P01857,Y407A,A,2.1
PT003642,P01857,1FC1,UniRef50_P01857,F405A,A,2.5
PT003641,P01857,1FC1,UniRef50_P01857,D399A,A,0.7
PT003640,P01857,1FC1,UniRef50_P01857,L398A,A,0.1
PT003639,P01857,1FC1,UniRef50_P01857,V397A,A,0.6
PT003638,P01857,1FC1,UniRef50_P01857,P395A,A,3.2
PT003637,P01857,1FC1,UniRef50_P01857,T394A,A,0.6
PT003636,P01857,1FC1,UniRef50_P01857,K392A,A,0.4
PT003635,P01857,1FC1,UniRef50_P01857,K370A,A,1.1
PT003634,P01857,1FC1,UniRef50_P01857,L368A,A,2.2
PT003633,P01857,1FC1,UniRef50_P01857,T366A,A,2.3
PT003632,P01857,1FC1,UniRef50_P01857,L351A,A,1.3
PT003631,P01857,1FC1,UniRef50_P01857,T350A,A,0.1
PT003630,P01857,1FC1,UniRef50_P01857,Y349A,A,0.7
PT003629,P01857,1FC1,UniRef50_P01857,Q347A,A,1.1
PT000281,P00025,1CYC,UniRef50_P62897,K73W,A,1.43
PT000280,P00025,1CYC,UniRef50_P62897,K73F,A,1.15
PT000279,P00025,1CYC,UniRef50_P62897,K73Y,A,1.05
PT000278,P00025,1CYC,UniRef50_P62897,K73M,A,1.0
LL002205,P37957,3D2A,UniRef50_P37957,N174T,A,-0.36
LL002204,P37957,3D2A,UniRef50_P37957,Y161N,A,0.09
LL002203,P37957,1ISP,UniRef50_P37957,I157M,A,-0.55
LL002202,P37957,3D2A,UniRef50_P37957,G155S,A,-1.05
LL002201,P37957,3D2A,UniRef50_P37957,M134D,A,-0.16
LL002198,P37957,3D2A,UniRef50_P37957,M134R,A,-0.25
LL002197,P37957,1ISP,UniRef50_P37957,A132D,A,0.41
LL002196,P37957,1ISP,UniRef50_P37957,L114P,A,-0.23
LL002195,P37957,3D2A,UniRef50_P37957,G80S,A,-0.11
LL002194,P37957,3D2A,UniRef50_P37957,T109V,A,-0.34
LL002193,P37957,3D2A,UniRef50_P37957,T47S,A,-0.96
LL002192,P37957,3D2A,UniRef50_P37957,R33P,A,-0.04
LL002191,P37957,3D2A,UniRef50_P37957,F17T,A,-0.52
LL002190,P37957,3D2A,UniRef50_P37957,A15S,A,-0.18
